-- MySQL dump 10.13  Distrib 8.0.29, for Linux (x86_64)
--
-- Host: 127.0.0.1    Database: laravel
-- ------------------------------------------------------
-- Server version	8.0.29

/*!40101 SET @OLD_CHARACTER_SET_CLIENT=@@CHARACTER_SET_CLIENT */;
/*!40101 SET @OLD_CHARACTER_SET_RESULTS=@@CHARACTER_SET_RESULTS */;
/*!40101 SET @OLD_COLLATION_CONNECTION=@@COLLATION_CONNECTION */;
/*!50503 SET NAMES utf8mb4 */;
/*!40103 SET @OLD_TIME_ZONE=@@TIME_ZONE */;
/*!40103 SET TIME_ZONE='+00:00' */;
/*!40014 SET @OLD_UNIQUE_CHECKS=@@UNIQUE_CHECKS, UNIQUE_CHECKS=0 */;
/*!40014 SET @OLD_FOREIGN_KEY_CHECKS=@@FOREIGN_KEY_CHECKS, FOREIGN_KEY_CHECKS=0 */;
/*!40101 SET @OLD_SQL_MODE=@@SQL_MODE, SQL_MODE='NO_AUTO_VALUE_ON_ZERO' */;
/*!40111 SET @OLD_SQL_NOTES=@@SQL_NOTES, SQL_NOTES=0 */;

--
-- Table structure for table `categories`
--

DROP TABLE IF EXISTS `categories`;
/*!40101 SET @saved_cs_client     = @@character_set_client */;
/*!50503 SET character_set_client = utf8mb4 */;
CREATE TABLE `categories` (
  `id` bigint unsigned NOT NULL AUTO_INCREMENT,
  `description` varchar(255) COLLATE utf8mb4_unicode_ci NOT NULL,
  `created_at` timestamp NULL DEFAULT NULL,
  `updated_at` timestamp NULL DEFAULT NULL,
  PRIMARY KEY (`id`)
) ENGINE=InnoDB AUTO_INCREMENT=7 DEFAULT CHARSET=utf8mb4 COLLATE=utf8mb4_unicode_ci;
/*!40101 SET character_set_client = @saved_cs_client */;

--
-- Dumping data for table `categories`
--

/*!40000 ALTER TABLE `categories` DISABLE KEYS */;
INSERT INTO `categories` (`id`, `description`, `created_at`, `updated_at`) VALUES (1,'nemo','2022-07-27 13:55:34','2022-07-27 13:55:34'),(2,'voluptas','2022-07-27 13:55:34','2022-07-27 13:55:34'),(3,'sit','2022-07-27 13:55:34','2022-07-27 13:55:34'),(4,'quidem','2022-07-27 13:55:34','2022-07-27 13:55:34'),(5,'sit','2022-07-27 13:55:34','2022-07-27 13:55:34'),(6,'aut','2022-07-27 13:55:34','2022-07-27 13:55:34');
/*!40000 ALTER TABLE `categories` ENABLE KEYS */;

--
-- Table structure for table `comments`
--

DROP TABLE IF EXISTS `comments`;
/*!40101 SET @saved_cs_client     = @@character_set_client */;
/*!50503 SET character_set_client = utf8mb4 */;
CREATE TABLE `comments` (
  `id` bigint unsigned NOT NULL AUTO_INCREMENT,
  `user_id` int NOT NULL,
  `post_id` int NOT NULL,
  `created_at` timestamp NULL DEFAULT NULL,
  `updated_at` timestamp NULL DEFAULT NULL,
  `text` varchar(250) COLLATE utf8mb4_unicode_ci NOT NULL,
  PRIMARY KEY (`id`)
) ENGINE=InnoDB AUTO_INCREMENT=102 DEFAULT CHARSET=utf8mb4 COLLATE=utf8mb4_unicode_ci;
/*!40101 SET character_set_client = @saved_cs_client */;

--
-- Dumping data for table `comments`
--

/*!40000 ALTER TABLE `comments` DISABLE KEYS */;
INSERT INTO `comments` (`id`, `user_id`, `post_id`, `created_at`, `updated_at`, `text`) VALUES (1,2,93,'2022-07-27 13:58:26','2022-07-27 13:58:26','Mock Turtle, and.'),(2,2,36,'2022-07-27 13:58:26','2022-07-27 13:58:26','Cat said, waving.'),(3,6,16,'2022-07-27 13:58:26','2022-07-27 13:58:26','The other guests.'),(4,4,37,'2022-07-27 13:58:26','2022-07-27 13:58:26','Queen shouted at.'),(5,9,68,'2022-07-27 13:58:26','2022-07-27 13:58:26','They all sat down.'),(6,9,17,'2022-07-27 13:58:26','2022-07-27 13:58:26','Alice had no idea.'),(7,5,48,'2022-07-27 13:58:26','2022-07-27 13:58:26','The hedgehog was.'),(8,9,71,'2022-07-27 13:58:26','2022-07-27 13:58:26','Caterpillar called.'),(9,10,94,'2022-07-27 13:58:26','2022-07-27 13:58:26','Mock Turtle. Alice.'),(10,7,43,'2022-07-27 13:58:26','2022-07-27 13:58:26','Mouse, getting up.'),(11,1,7,'2022-07-27 13:58:26','2022-07-27 13:58:26','Alice, so please.'),(12,7,23,'2022-07-27 13:58:26','2022-07-27 13:58:26','Gryphon. \'Well, I.'),(13,6,72,'2022-07-27 13:58:26','2022-07-27 13:58:26','Then followed the.'),(14,10,16,'2022-07-27 13:58:26','2022-07-27 13:58:26','Hatter. \'Does YOUR.'),(15,1,28,'2022-07-27 13:58:26','2022-07-27 13:58:26','Gryphon. \'We can.'),(16,7,37,'2022-07-27 13:58:26','2022-07-27 13:58:26','Alice, seriously.'),(17,4,7,'2022-07-27 13:58:26','2022-07-27 13:58:26','The cook threw a.'),(18,5,83,'2022-07-27 13:58:26','2022-07-27 13:58:26','White Rabbit, with.'),(19,9,62,'2022-07-27 13:58:26','2022-07-27 13:58:26','I\'m pleased, and.'),(20,5,57,'2022-07-27 13:58:26','2022-07-27 13:58:26','Dormouse, who was.'),(21,2,66,'2022-07-27 13:58:26','2022-07-27 13:58:26','So she swallowed.'),(22,3,34,'2022-07-27 13:58:26','2022-07-27 13:58:26','I beat him when he.'),(23,8,84,'2022-07-27 13:58:26','2022-07-27 13:58:26','Duchess, it had no.'),(24,5,76,'2022-07-27 13:58:26','2022-07-27 13:58:26','Caterpillar. \'I\'m.'),(25,1,43,'2022-07-27 13:58:26','2022-07-27 13:58:26','Sir, With no jury.'),(26,3,99,'2022-07-27 13:58:26','2022-07-27 13:58:26','Alice thought over.'),(27,8,57,'2022-07-27 13:58:26','2022-07-27 13:58:26','Gryphon. Alice did.'),(28,8,83,'2022-07-27 13:58:26','2022-07-27 13:58:26','I\'ve been changed.'),(29,5,71,'2022-07-27 13:58:26','2022-07-27 13:58:26','King, and the jury.'),(30,2,9,'2022-07-27 13:58:26','2022-07-27 13:58:26','Alice as he said.'),(31,10,89,'2022-07-27 13:58:26','2022-07-27 13:58:26','William replied to.'),(32,9,44,'2022-07-27 13:58:26','2022-07-27 13:58:26','Poor Alice! It was.'),(33,5,23,'2022-07-27 13:58:26','2022-07-27 13:58:26','Alice noticed with.'),(34,3,71,'2022-07-27 13:58:26','2022-07-27 13:58:26','Mouse to tell me.'),(35,6,96,'2022-07-27 13:58:26','2022-07-27 13:58:26','So she stood still.'),(36,10,70,'2022-07-27 13:58:26','2022-07-27 13:58:26','Dodo, pointing to.'),(37,4,46,'2022-07-27 13:58:26','2022-07-27 13:58:26','SWIM--\" you can\'t.'),(38,4,3,'2022-07-27 13:58:26','2022-07-27 13:58:26','I\'m here! Digging.'),(39,5,72,'2022-07-27 13:58:26','2022-07-27 13:58:26','Heads below!\' (a.'),(40,6,35,'2022-07-27 13:58:26','2022-07-27 13:58:26','Panther received.'),(41,5,84,'2022-07-27 13:58:26','2022-07-27 13:58:26','Yet you turned a.'),(42,9,68,'2022-07-27 13:58:26','2022-07-27 13:58:26','Alice, \'to pretend.'),(43,10,33,'2022-07-27 13:58:26','2022-07-27 13:58:26','Mock Turtle yawned.'),(44,3,13,'2022-07-27 13:58:26','2022-07-27 13:58:26','Alice put down her.'),(45,7,86,'2022-07-27 13:58:26','2022-07-27 13:58:26','VERY wide, but she.'),(46,5,27,'2022-07-27 13:58:26','2022-07-27 13:58:26','Who ever saw one.'),(47,2,11,'2022-07-27 13:58:26','2022-07-27 13:58:26','Dodo managed it.).'),(48,5,85,'2022-07-27 13:58:26','2022-07-27 13:58:26','Adventures, till.'),(49,2,2,'2022-07-27 13:58:26','2022-07-27 13:58:26','Next came an angry.'),(50,6,53,'2022-07-27 13:58:26','2022-07-27 13:58:26','Hatter hurriedly.'),(51,2,76,'2022-07-27 13:58:26','2022-07-27 13:58:26','The Rabbit started.'),(52,4,31,'2022-07-27 13:58:26','2022-07-27 13:58:26','Geography. London.'),(53,2,71,'2022-07-27 13:58:26','2022-07-27 13:58:26','White Rabbit; \'in.'),(54,3,56,'2022-07-27 13:58:26','2022-07-27 13:58:26','I don\'t take this.'),(55,8,45,'2022-07-27 13:58:26','2022-07-27 13:58:26','I am very tired of.'),(56,7,3,'2022-07-27 13:58:26','2022-07-27 13:58:26','Alice, a good deal.'),(57,7,74,'2022-07-27 13:58:26','2022-07-27 13:58:26','I believe.\' \'Boots.'),(58,8,51,'2022-07-27 13:58:26','2022-07-27 13:58:26','I only knew how to.'),(59,1,35,'2022-07-27 13:58:26','2022-07-27 13:58:26','Alice whispered to.'),(60,4,26,'2022-07-27 13:58:26','2022-07-27 13:58:26','And when I was a.'),(61,2,18,'2022-07-27 13:58:26','2022-07-27 13:58:26','WOULD go with the.'),(62,4,53,'2022-07-27 13:58:26','2022-07-27 13:58:26','King. On this the.'),(63,8,49,'2022-07-27 13:58:26','2022-07-27 13:58:26','As for pulling me.'),(64,3,22,'2022-07-27 13:58:26','2022-07-27 13:58:26','EVER happen in a.'),(65,2,99,'2022-07-27 13:58:26','2022-07-27 13:58:26','There was a good.'),(66,10,81,'2022-07-27 13:58:26','2022-07-27 13:58:26','Hatter. This piece.'),(67,2,36,'2022-07-27 13:58:26','2022-07-27 13:58:26','Alice. \'And where.'),(68,8,95,'2022-07-27 13:58:26','2022-07-27 13:58:26','Conqueror, whose.'),(69,1,25,'2022-07-27 13:58:26','2022-07-27 13:58:26','Alice to herself.'),(70,2,93,'2022-07-27 13:58:26','2022-07-27 13:58:26','Alice did not see.'),(71,7,36,'2022-07-27 13:58:26','2022-07-27 13:58:26','Alice. \'Off with.'),(72,10,58,'2022-07-27 13:58:26','2022-07-27 13:58:26','Father William,\'.'),(73,1,29,'2022-07-27 13:58:26','2022-07-27 13:58:26','The King and Queen.'),(74,9,74,'2022-07-27 13:58:26','2022-07-27 13:58:26','Duchess: \'and the.'),(75,7,19,'2022-07-27 13:58:26','2022-07-27 13:58:26','Cat. \'--so long as.'),(76,4,18,'2022-07-27 13:58:26','2022-07-27 13:58:26','Pray, what is the.'),(77,4,13,'2022-07-27 13:58:26','2022-07-27 13:58:26','At this the White.'),(78,3,50,'2022-07-27 13:58:26','2022-07-27 13:58:26','Dormouse is asleep.'),(79,8,29,'2022-07-27 13:58:26','2022-07-27 13:58:26','Hatter. Alice felt.'),(80,2,21,'2022-07-27 13:58:26','2022-07-27 13:58:26','Alice could think.'),(81,2,30,'2022-07-27 13:58:26','2022-07-27 13:58:26','Mock Turtle drew a.'),(82,1,74,'2022-07-27 13:58:26','2022-07-27 13:58:26','Let me think: was.'),(83,10,96,'2022-07-27 13:58:26','2022-07-27 13:58:26','Footman, \'and that.'),(84,8,47,'2022-07-27 13:58:26','2022-07-27 13:58:26','Hatter, who turned.'),(85,9,13,'2022-07-27 13:58:26','2022-07-27 13:58:26','I can\'t understand.'),(86,8,63,'2022-07-27 13:58:26','2022-07-27 13:58:26','Ma!\' said the Mock.'),(87,10,10,'2022-07-27 13:58:26','2022-07-27 13:58:26','As a duck with its.'),(88,9,44,'2022-07-27 13:58:26','2022-07-27 13:58:26','HERE.\' \'But then,\'.'),(89,7,33,'2022-07-27 13:58:26','2022-07-27 13:58:26','Alice: \'--where\'s.'),(90,5,19,'2022-07-27 13:58:26','2022-07-27 13:58:26','And the muscular.'),(91,1,93,'2022-07-27 13:58:26','2022-07-27 13:58:26','I tell you!\' said.'),(92,7,8,'2022-07-27 13:58:26','2022-07-27 13:58:26','I tell you!\' But.'),(93,3,21,'2022-07-27 13:58:26','2022-07-27 13:58:26','And she thought it.'),(94,10,72,'2022-07-27 13:58:26','2022-07-27 13:58:26','The three soldiers.'),(95,7,7,'2022-07-27 13:58:26','2022-07-27 13:58:26','I gave her answer.'),(96,8,57,'2022-07-27 13:58:26','2022-07-27 13:58:26','The Hatter opened.'),(97,1,30,'2022-07-27 13:58:26','2022-07-27 13:58:26','She said it to the.'),(98,4,78,'2022-07-27 13:58:26','2022-07-27 13:58:26','Alice had not gone.'),(99,1,86,'2022-07-27 13:58:26','2022-07-27 13:58:26','March--just before.'),(100,9,87,'2022-07-27 13:58:26','2022-07-27 13:58:26','Down, down, down.'),(101,21,102,'2022-07-28 09:35:51','2022-07-28 09:35:51','asdasdadasd');
/*!40000 ALTER TABLE `comments` ENABLE KEYS */;

--
-- Table structure for table `failed_jobs`
--

DROP TABLE IF EXISTS `failed_jobs`;
/*!40101 SET @saved_cs_client     = @@character_set_client */;
/*!50503 SET character_set_client = utf8mb4 */;
CREATE TABLE `failed_jobs` (
  `id` bigint unsigned NOT NULL AUTO_INCREMENT,
  `uuid` varchar(255) COLLATE utf8mb4_unicode_ci NOT NULL,
  `connection` text COLLATE utf8mb4_unicode_ci NOT NULL,
  `queue` text COLLATE utf8mb4_unicode_ci NOT NULL,
  `payload` longtext COLLATE utf8mb4_unicode_ci NOT NULL,
  `exception` longtext COLLATE utf8mb4_unicode_ci NOT NULL,
  `failed_at` timestamp NOT NULL DEFAULT CURRENT_TIMESTAMP,
  PRIMARY KEY (`id`),
  UNIQUE KEY `failed_jobs_uuid_unique` (`uuid`)
) ENGINE=InnoDB DEFAULT CHARSET=utf8mb4 COLLATE=utf8mb4_unicode_ci;
/*!40101 SET character_set_client = @saved_cs_client */;

--
-- Dumping data for table `failed_jobs`
--

/*!40000 ALTER TABLE `failed_jobs` DISABLE KEYS */;
/*!40000 ALTER TABLE `failed_jobs` ENABLE KEYS */;

--
-- Table structure for table `migrations`
--

DROP TABLE IF EXISTS `migrations`;
/*!40101 SET @saved_cs_client     = @@character_set_client */;
/*!50503 SET character_set_client = utf8mb4 */;
CREATE TABLE `migrations` (
  `id` int unsigned NOT NULL AUTO_INCREMENT,
  `migration` varchar(255) COLLATE utf8mb4_unicode_ci NOT NULL,
  `batch` int NOT NULL,
  PRIMARY KEY (`id`)
) ENGINE=InnoDB AUTO_INCREMENT=8 DEFAULT CHARSET=utf8mb4 COLLATE=utf8mb4_unicode_ci;
/*!40101 SET character_set_client = @saved_cs_client */;

--
-- Dumping data for table `migrations`
--

/*!40000 ALTER TABLE `migrations` DISABLE KEYS */;
INSERT INTO `migrations` (`id`, `migration`, `batch`) VALUES (1,'2014_10_12_000000_create_users_table',1),(2,'2014_10_12_100000_create_password_resets_table',1),(3,'2019_08_19_000000_create_failed_jobs_table',1),(4,'2019_12_14_000001_create_personal_access_tokens_table',1),(5,'2022_07_27_125853_create_posts_table',1),(6,'2022_07_27_130311_create_categories_table',1),(7,'2022_07_27_130441_create_comments_table',1);
/*!40000 ALTER TABLE `migrations` ENABLE KEYS */;

--
-- Table structure for table `password_resets`
--

DROP TABLE IF EXISTS `password_resets`;
/*!40101 SET @saved_cs_client     = @@character_set_client */;
/*!50503 SET character_set_client = utf8mb4 */;
CREATE TABLE `password_resets` (
  `email` varchar(255) COLLATE utf8mb4_unicode_ci NOT NULL,
  `token` varchar(255) COLLATE utf8mb4_unicode_ci NOT NULL,
  `created_at` timestamp NULL DEFAULT NULL,
  KEY `password_resets_email_index` (`email`)
) ENGINE=InnoDB DEFAULT CHARSET=utf8mb4 COLLATE=utf8mb4_unicode_ci;
/*!40101 SET character_set_client = @saved_cs_client */;

--
-- Dumping data for table `password_resets`
--

/*!40000 ALTER TABLE `password_resets` DISABLE KEYS */;
/*!40000 ALTER TABLE `password_resets` ENABLE KEYS */;

--
-- Table structure for table `personal_access_tokens`
--

DROP TABLE IF EXISTS `personal_access_tokens`;
/*!40101 SET @saved_cs_client     = @@character_set_client */;
/*!50503 SET character_set_client = utf8mb4 */;
CREATE TABLE `personal_access_tokens` (
  `id` bigint unsigned NOT NULL AUTO_INCREMENT,
  `tokenable_type` varchar(255) COLLATE utf8mb4_unicode_ci NOT NULL,
  `tokenable_id` bigint unsigned NOT NULL,
  `name` varchar(255) COLLATE utf8mb4_unicode_ci NOT NULL,
  `token` varchar(64) COLLATE utf8mb4_unicode_ci NOT NULL,
  `abilities` text COLLATE utf8mb4_unicode_ci,
  `last_used_at` timestamp NULL DEFAULT NULL,
  `created_at` timestamp NULL DEFAULT NULL,
  `updated_at` timestamp NULL DEFAULT NULL,
  PRIMARY KEY (`id`),
  UNIQUE KEY `personal_access_tokens_token_unique` (`token`),
  KEY `personal_access_tokens_tokenable_type_tokenable_id_index` (`tokenable_type`,`tokenable_id`)
) ENGINE=InnoDB DEFAULT CHARSET=utf8mb4 COLLATE=utf8mb4_unicode_ci;
/*!40101 SET character_set_client = @saved_cs_client */;

--
-- Dumping data for table `personal_access_tokens`
--

/*!40000 ALTER TABLE `personal_access_tokens` DISABLE KEYS */;
/*!40000 ALTER TABLE `personal_access_tokens` ENABLE KEYS */;

--
-- Table structure for table `posts`
--

DROP TABLE IF EXISTS `posts`;
/*!40101 SET @saved_cs_client     = @@character_set_client */;
/*!50503 SET character_set_client = utf8mb4 */;
CREATE TABLE `posts` (
  `id` bigint unsigned NOT NULL AUTO_INCREMENT,
  `title` varchar(255) COLLATE utf8mb4_unicode_ci NOT NULL,
  `text` text COLLATE utf8mb4_unicode_ci NOT NULL,
  `user_id` int NOT NULL,
  `category_id` int NOT NULL,
  `created_at` timestamp NULL DEFAULT NULL,
  `updated_at` timestamp NULL DEFAULT NULL,
  PRIMARY KEY (`id`)
) ENGINE=InnoDB AUTO_INCREMENT=103 DEFAULT CHARSET=utf8mb4 COLLATE=utf8mb4_unicode_ci;
/*!40101 SET character_set_client = @saved_cs_client */;

--
-- Dumping data for table `posts`
--

/*!40000 ALTER TABLE `posts` DISABLE KEYS */;
INSERT INTO `posts` (`id`, `title`, `text`, `user_id`, `category_id`, `created_at`, `updated_at`) VALUES (1,'Voluptas','Then she went on all the rest of the reeds--the rattling teacups would change to tinkling sheep-bells, and the soldiers did. After these came the royal children, and everybody else. \'Leave off that!\' screamed the Pigeon. \'I\'m NOT a serpent!\' said Alice in a soothing tone: \'don\'t be angry about it.',3,2,'2022-07-27 13:58:25','2022-07-27 13:58:25'),(2,'Veritatis.','So she swallowed one of the hall: in fact she was looking at it again: but he now hastily began again, using the ink, that was sitting on the second verse of the Nile On every golden scale! \'How cheerfully he seems to be otherwise.\"\' \'I think I should be like then?\' And she tried another question.',7,1,'2022-07-27 13:58:25','2022-07-27 13:58:25'),(3,'Dolorum.','Duchess. \'I make you grow taller, and the m--\' But here, to Alice\'s great surprise, the Duchess\'s cook. She carried the pepper-box in her lessons in the morning, just time to begin lessons: you\'d only have to turn round on its axis--\' \'Talking of axes,\' said the Dormouse: \'not in that ridiculous.',1,5,'2022-07-27 13:58:25','2022-07-27 13:58:25'),(4,'Ipsa.','Gryphon. \'It all came different!\' the Mock Turtle interrupted, \'if you don\'t know where Dinn may be,\' said the Hatter: \'let\'s all move one place on.\' He moved on as he wore his crown over the jury-box with the strange creatures of her ever getting out of the Gryphon, with a great hurry; \'and their.',9,3,'2022-07-27 13:58:25','2022-07-27 13:58:25'),(5,'Voluptas.','But said I didn\'t!\' interrupted Alice. \'You did,\' said the Dodo. Then they all stopped and looked at the top of the month is it?\' Alice panted as she heard a voice of the court. (As that is enough,\' Said his father; \'don\'t give yourself airs! Do you think, at your age, it is all the while, till at.',6,6,'2022-07-27 13:58:25','2022-07-27 13:58:25'),(6,'Aperiam.','Hatter. \'Nor I,\' said the one who had meanwhile been examining the roses. \'Off with her face brightened up again.) \'Please your Majesty,\' said Two, in a piteous tone. And the muscular strength, which it gave to my boy, I beat him when he sneezes; For he can thoroughly enjoy The pepper when he.',2,3,'2022-07-27 13:58:25','2022-07-27 13:58:25'),(7,'Dolorem.','Alice was very likely it can be,\' said the Mock Turtle to sing this:-- \'Beautiful Soup, so rich and green, Waiting in a minute, nurse! But I\'ve got to go nearer till she shook the house, and the sounds will take care of themselves.\"\' \'How fond she is of finding morals in things!\' Alice began to.',3,3,'2022-07-26 13:58:25','2022-07-27 13:58:25'),(8,'Unde.','Tillie; and they can\'t prove I did: there\'s no use denying it. I suppose Dinah\'ll be sending me on messages next!\' And she began shrinking directly. As soon as she added, \'and the moral of that is--\"The more there is of yours.\"\' \'Oh, I BEG your pardon!\' cried Alice hastily, afraid that it led into.',9,1,'2022-07-27 13:58:25','2022-07-27 13:58:25'),(9,'Ducimus.','English coast you find a number of bathing machines in the common way. So they had at the flowers and the whole thing very absurd, but they all cheered. Alice thought she might as well as pigs, and was delighted to find herself talking familiarly with them, as if his heart would break. She pitied.',1,6,'2022-07-27 13:58:25','2022-07-27 13:58:25'),(10,'Et.','I shall fall right THROUGH the earth! How funny it\'ll seem to see it trot away quietly into the garden with one of the day; and this was her dream:-- First, she tried to get out of sight, he said to Alice, \'Have you seen the Mock Turtle replied, counting off the fire, stirring a large caterpillar.',6,1,'2022-07-27 13:58:25','2022-07-27 13:58:26'),(11,'In sit.','Queen, pointing to Alice for some way, and then another confusion of voices--\'Hold up his head--Brandy now--Don\'t choke him--How was it, old fellow? What happened to me! I\'LL soon make you grow shorter.\' \'One side will make you a present of everything I\'ve said as yet.\' \'A cheap sort of way to fly.',3,4,'2022-07-26 13:58:25','2022-07-27 13:58:26'),(12,'Quaerat.','VERY deeply with a knife, it usually bleeds; and she hastily dried her eyes filled with tears running down his brush, and had no very clear notion how delightful it will be much the most confusing thing I ask! It\'s always six o\'clock now.\' A bright idea came into Alice\'s head. \'Is that all?\' said.',10,6,'2022-07-27 13:58:25','2022-07-27 13:58:26'),(13,'Enim.','Alice thought she had not a VERY good opportunity for croqueting one of these cakes,\' she thought, \'and hand round the refreshments!\' But there seemed to be a lesson to you how the game was in livery: otherwise, judging by his garden, and marked, with one of the court with a sigh: \'he taught.',2,3,'2022-07-27 13:58:25','2022-07-27 13:58:26'),(14,'Qui.','Panther took pie-crust, and gravy, and meat, While the Panther were sharing a pie--\' [later editions continued as follows When the sands are all pardoned.\' \'Come, THAT\'S a good deal worse off than before, as the other.\' As soon as the Lory positively refused to tell me the truth: did you begin?\'.',8,5,'2022-07-27 13:58:25','2022-07-27 13:58:26'),(15,'Neque.','Where CAN I have none, Why, I haven\'t been invited yet.\' \'You\'ll see me there,\' said the Mock Turtle persisted. \'How COULD he turn them out with trying, the poor little thing sobbed again (or grunted, it was getting so used to come once a week: HE taught us Drawling, Stretching, and Fainting in.',5,3,'2022-07-27 13:58:25','2022-07-27 13:58:26'),(16,'Harum.','She soon got it out into the open air. \'IF I don\'t like them raw.\' \'Well, be off, then!\' said the King, with an M, such as mouse-traps, and the Queen, \'and take this young lady tells us a story!\' said the Mock Turtle, who looked at the sudden change, but very glad to find herself talking.',7,3,'2022-07-27 13:58:25','2022-07-27 13:58:26'),(17,'Iusto et.','King said to the Mock Turtle replied, counting off the subjects on his flappers, \'--Mystery, ancient and modern, with Seaography: then Drawling--the Drawling-master was an old Turtle--we used to come upon them THIS size: why, I should be like then?\' And she opened it, and on it (as she had known.',4,2,'2022-07-27 13:58:25','2022-07-27 13:58:26'),(18,'Ut cumque.','This did not wish to offend the Dormouse sulkily remarked, \'If you can\'t take LESS,\' said the Gryphon replied very gravely. \'What else had you to learn?\' \'Well, there was no label this time she heard it say to itself, half to itself, half to itself, \'Oh dear! Oh dear! I\'d nearly forgotten to ask.\'.',6,5,'2022-07-27 13:58:25','2022-07-27 13:58:26'),(19,'Qui est.','I\'m not used to read fairy-tales, I fancied that kind of rule, \'and vinegar that makes them bitter--and--and barley-sugar and such things that make children sweet-tempered. I only knew the name \'W. RABBIT\' engraved upon it. She felt very glad she had not gone (We know it to make ONE respectable.',9,2,'2022-07-25 13:58:25','2022-07-27 13:58:26'),(20,'Mollitia.','Cheshire cats always grinned; in fact, a sort of circle, (\'the exact shape doesn\'t matter,\' it said,) and then said, \'It WAS a curious croquet-ground in her French lesson-book. The Mouse did not look at the house, \"Let us both go to law: I will prosecute YOU.--Come, I\'ll take no denial; We must.',5,6,'2022-07-27 13:58:25','2022-07-27 13:58:26'),(21,'Optio.','It\'s the most important piece of bread-and-butter in the sea. But they HAVE their tails in their paws. \'And how many miles I\'ve fallen by this time). \'Don\'t grunt,\' said Alice; \'I daresay it\'s a set of verses.\' \'Are they in the sea, though you mayn\'t believe it--\' \'I never could abide figures!\'.',7,3,'2022-07-27 13:58:25','2022-07-27 13:58:26'),(22,'Est.','Five, who had been all the jurymen on to the beginning of the water, and seemed not to lie down upon her: she gave a little of her sister, who was reading the list of the room again, no wonder she felt very glad that it was a large crowd collected round it: there were any tears. No, there were no.',3,4,'2022-07-27 13:58:25','2022-07-27 13:58:26'),(23,'Et.','So they got thrown out to her that she had not gone far before they saw the Mock Turtle said: \'advance twice, set to work at once and put it into one of them.\' In another moment that it was getting very sleepy; \'and they drew all manner of things--everything that begins with an air of great.',10,4,'2022-07-27 13:58:25','2022-07-27 13:58:26'),(24,'Ut quis.','King, \'unless it was neither more nor less than a real nose; also its eyes again, to see what was coming. It was all ridges and furrows; the balls were live hedgehogs, the mallets live flamingoes, and the whole pack of cards!\' At this moment the King, with an air of great curiosity. \'Soles and.',10,4,'2022-07-27 13:58:25','2022-07-27 13:58:26'),(25,'Molestiae.','There was a large canvas bag, which tied up at the Mouse\'s tail; \'but why do you like to be Number One,\' said Alice. \'Call it what you had been would have done just as well be at school at once.\' And in she went. Once more she found she could remember them, all these changes are! I\'m never sure.',2,4,'2022-07-27 13:58:25','2022-07-27 13:58:26'),(26,'Nihil.','Queen. \'I never thought about it,\' said the Queen. An invitation for the hot day made her look up in great disgust, and walked off; the Dormouse turned out, and, by the White Rabbit, who was reading the list of singers. \'You may go,\' said the March Hare. The Hatter opened his eyes. He looked at.',3,5,'2022-07-24 13:58:25','2022-07-27 13:58:26'),(27,'Quia.','Lizard in head downwards, and the poor child, \'for I never knew whether it was too small, but at any rate I\'ll never go THERE again!\' said Alice doubtfully: \'it means--to--make--anything--prettier.\' \'Well, then,\' the Cat again, sitting on the door and found that, as nearly as large as the jury.',8,1,'2022-07-27 13:58:25','2022-07-27 13:58:26'),(28,'Enim quis.','THE KING AND QUEEN OF HEARTS. Alice was very nearly getting up and picking the daisies, when suddenly a White Rabbit as he came, \'Oh! the Duchess, the Duchess! Oh! won\'t she be savage if I\'ve been changed in the sea!\' cried the Mouse, getting up and picking the daisies, when suddenly a White.',7,2,'2022-07-30 13:58:25','2022-07-27 13:58:26'),(29,'Et minus.','CHAPTER II. The Pool of Tears \'Curiouser and curiouser!\' cried Alice hastily, afraid that she ran across the field after it, \'Mouse dear! Do come back and finish your story!\' Alice called out \'The race is over!\' and they sat down, and the little crocodile Improve his shining tail, And pour the.',3,2,'2022-07-27 13:58:25','2022-07-27 13:58:26'),(30,'Omnis.','Exactly as we needn\'t try to find it out, we should all have our heads cut off, you know. Please, Ma\'am, is this New Zealand or Australia?\' (and she tried the little door: but, alas! the little golden key in the window?\' \'Sure, it\'s an arm for all that.\' \'Well, it\'s got no business of MINE.\' The.',6,5,'2022-07-24 13:58:25','2022-07-27 13:58:26'),(31,'Esse.','Alice; \'but a grin without a moment\'s delay would cost them their lives. All the time at the bottom of a sea of green leaves that lay far below her. \'What CAN all that stuff,\' the Mock Turtle, \'Drive on, old fellow! Don\'t be all day to such stuff? Be off, or I\'ll have you got in as well,\' the.',4,2,'2022-07-27 13:58:25','2022-07-27 13:58:26'),(32,'Ratione.','In another moment it was all dark overhead; before her was another long passage, and the three gardeners, but she did not like the largest telescope that ever was! Good-bye, feet!\' (for when she looked up, and began to cry again. \'You ought to eat some of them bowed low. \'Would you like the three.',10,4,'2022-07-27 13:58:25','2022-07-27 13:58:26'),(33,'Qui.','And beat him when he sneezes: He only does it to speak first, \'why your cat grins like that?\' \'It\'s a Cheshire cat,\' said the Caterpillar. Alice said nothing; she had gone through that day. \'No, no!\' said the March Hare had just upset the milk-jug into his cup of tea, and looked at each other for.',6,6,'2022-07-27 13:58:25','2022-07-27 13:58:26'),(34,'Accusamus.','I ever was at in all directions, \'just like a steam-engine when she first saw the Mock Turtle had just begun to think this a very hopeful tone though), \'I won\'t indeed!\' said the Mouse, frowning, but very politely: \'Did you say it.\' \'That\'s nothing to what I was thinking I should think you could.',1,6,'2022-07-27 13:58:25','2022-07-27 13:58:26'),(35,'Dolor.','MUST be more to come, so she set to work shaking him and punching him in the beautiful garden, among the trees, a little glass table. \'Now, I\'ll manage better this time,\' she said to herself that perhaps it was labelled \'ORANGE MARMALADE\', but to her ear. \'You\'re thinking about something, my dear.',5,1,'2022-07-27 13:58:25','2022-07-27 13:58:26'),(36,'Et labore.','The March Hare said--\' \'I didn\'t!\' the March Hare. \'Exactly so,\' said the Gryphon. \'We can do no more, whatever happens. What WILL become of it; and as Alice could only see her. She is such a noise inside, no one listening, this time, sat down a very small cake, on which the words came very queer.',10,6,'2022-07-27 13:58:25','2022-07-27 13:58:26'),(37,'Nihil ab.','At last the Caterpillar took the cauldron of soup off the fire, stirring a large cat which was full of soup. \'There\'s certainly too much pepper in my time, but never ONE with such a dear quiet thing,\' Alice went on in a low voice. \'Not at all,\' said the Cat, \'if you don\'t know much,\' said Alice.',6,3,'2022-07-27 13:58:25','2022-07-27 13:58:26'),(38,'Veniam.','Alice said; but was dreadfully puzzled by the English, who wanted leaders, and had come back again, and she dropped it hastily, just in time to go, for the first to speak. \'What size do you like the Mock Turtle said: \'I\'m too stiff. And the Gryphon repeated impatiently: \'it begins \"I passed by his.',7,2,'2022-07-27 13:58:25','2022-07-27 13:58:26'),(39,'Est.','Queen, and Alice, were in custody and under sentence of execution. Then the Queen was silent. The Dormouse had closed its eyes again, to see it trot away quietly into the court, by the little glass table. \'Now, I\'ll manage better this time,\' she said, \'and see whether it\'s marked \"poison\" or not\'.',7,4,'2022-07-27 13:58:25','2022-07-27 13:58:26'),(40,'Odio sit.','I!\' said the King. \'When did you manage on the floor, as it left no mark on the song, she kept on puzzling about it in time,\' said the Cat again, sitting on a little ledge of rock, and, as she spoke. Alice did not appear, and after a pause: \'the reason is, that there\'s any one left alive!\' She was.',2,1,'2022-07-27 13:58:25','2022-07-27 13:58:26'),(41,'Facilis.','Kings and Queens, and among them Alice recognised the White Rabbit with pink eyes ran close by it, and they repeated their arguments to her, one on each side to guard him; and near the looking-glass. There was a different person then.\' \'Explain all that,\' said the Pigeon. \'I can tell you what year.',9,6,'2022-07-27 13:58:25','2022-07-27 13:58:26'),(42,'Numquam.','Come on!\' \'Everybody says \"come on!\" here,\' thought Alice, \'they\'re sure to kill it in asking riddles that have no answers.\' \'If you please, sir--\' The Rabbit Sends in a low, timid voice, \'If you knew Time as well as I do,\' said Alice very politely; but she added, \'and the moral of THAT is--\"Take.',10,5,'2022-07-27 13:58:25','2022-07-27 13:58:26'),(43,'Tempore.','The door led right into it. \'That\'s very curious.\' \'It\'s all his fancy, that: he hasn\'t got no sorrow, you know. Come on!\' \'Everybody says \"come on!\" here,\' thought Alice, \'as all the right size to do anything but sit with its tongue hanging out of court! Suppress him! Pinch him! Off with his.',1,4,'2022-07-27 13:58:25','2022-07-27 13:58:26'),(44,'Facilis.','THAT\'S a good character, But said I could not stand, and she jumped up on to himself as he spoke, and the blades of grass, but she did not get hold of this rope--Will the roof was thatched with fur. It was the Hatter. \'Does YOUR watch tell you just now what the next witness would be offended.',3,1,'2022-07-27 13:58:25','2022-07-27 13:58:26'),(45,'Dicta.','I don\'t believe there\'s an atom of meaning in it.\' The jury all brightened up at the door-- Pray, what is the same thing as \"I eat what I was a different person then.\' \'Explain all that,\' said Alice. \'Why?\' \'IT DOES THE BOOTS AND SHOES.\' the Gryphon repeated impatiently: \'it begins \"I passed by.',2,2,'2022-07-27 13:58:25','2022-07-27 13:58:26'),(46,'Sit.','COULD! I\'m sure _I_ shan\'t be able! I shall have to ask help of any that do,\' Alice said nothing: she had this fit) An obstacle that came between Him, and ourselves, and it. Don\'t let me help to undo it!\' \'I shall sit here,\' the Footman remarked, \'till tomorrow--\' At this moment the King, and the.',4,2,'2022-07-27 13:58:25','2022-07-27 13:58:26'),(47,'Dicta.','Duchess asked, with another hedgehog, which seemed to have it explained,\' said the Hatter: \'as the things between whiles.\' \'Then you shouldn\'t talk,\' said the Queen, \'Really, my dear, and that if you like,\' said the Duchess. \'I make you dry enough!\' They all returned from him to be two people.',7,5,'2022-07-27 13:58:25','2022-07-27 13:58:26'),(48,'Sed.','Alice indignantly, and she sat still and said \'What else had you to death.\"\' \'You are all dry, he is gay as a lark, And will talk in contemptuous tones of the other side of the bottle was NOT marked \'poison,\' it is almost certain to disagree with you, sooner or later. However, this bottle does. I.',10,4,'2022-07-27 13:58:25','2022-07-27 13:58:26'),(49,'Eius.','Mock Turtle in a trembling voice, \'Let us get to the door, and the Dormouse shall!\' they both bowed low, and their curls got entangled together. Alice was not quite sure whether it was addressed to the executioner: \'fetch her here.\' And the Eaglet bent down its head down, and the jury asked. \'That.',6,3,'2022-07-27 13:58:25','2022-07-27 13:58:26'),(50,'Facere.','I believe.\' \'Boots and shoes under the table: she opened it, and finding it very much,\' said Alice, \'it\'s very interesting. I never knew whether it would be like, \'--for they haven\'t got much evidence YET,\' she said to Alice, flinging the baby was howling so much into the wood to listen. \'Mary.',6,6,'2022-07-27 13:58:25','2022-07-27 13:58:26'),(51,'Placeat.','I shall only look up and say \"How doth the little creature down, and was gone in a deep, hollow tone: \'sit down, both of you, and listen to her. The Cat seemed to think that very few things indeed were really impossible. There seemed to be true): If she should push the matter on, What would become.',2,4,'2022-07-27 13:58:25','2022-07-27 13:58:26'),(52,'Ut.','Alice could hear him sighing as if he were trying to box her own child-life, and the pool a little of it?\' said the Cat. \'I\'d nearly forgotten to ask.\' \'It turned into a pig,\' Alice quietly said, just as she tucked her arm affectionately into Alice\'s, and they lived at the stick, and held out its.',1,5,'2022-07-27 13:58:25','2022-07-27 13:58:26'),(53,'Enim.','Alice, rather doubtfully, as she said to one of the doors of the baby?\' said the Hatter: \'I\'m on the OUTSIDE.\' He unfolded the paper as he shook his head sadly. \'Do I look like one, but it all seemed quite natural to Alice with one finger for the pool was getting so far off). \'Oh, my poor little.',8,6,'2022-07-27 13:58:25','2022-07-27 13:58:26'),(54,'Culpa.','I fell off the subjects on his knee, and the March Hare said in a coaxing tone, and everybody laughed, \'Let the jury wrote it down into its face was quite tired and out of sight, he said to herself, \'Now, what am I to do?\' said Alice. The King turned pale, and shut his note-book hastily. \'Consider.',2,1,'2022-07-27 13:58:25','2022-07-27 13:58:26'),(55,'Quae.','Alice was too much of it altogether; but after a few minutes, and she felt that she was quite impossible to say it out into the garden. Then she went nearer to watch them, and it\'ll sit up and said, without even looking round. \'I\'ll fetch the executioner ran wildly up and walking away. \'You insult.',9,4,'2022-07-27 13:58:25','2022-07-27 13:58:26'),(56,'Sit.','I breathe\"!\' \'It IS the use of repeating all that green stuff be?\' said Alice. \'Of course it is,\' said the Hatter. \'Does YOUR watch tell you just now what the flame of a bottle. They all sat down again in a low, weak voice. \'Now, I give it up,\' Alice replied: \'what\'s the answer?\' \'I haven\'t the.',7,1,'2022-07-27 13:58:25','2022-07-27 13:58:26'),(57,'Quod ut.','And she thought it must be a grin, and she very soon had to fall upon Alice, as she spoke; \'either you or your head must be really offended. \'We won\'t talk about cats or dogs either, if you were all in bed!\' On various pretexts they all quarrel so dreadfully one can\'t hear oneself speak--and they.',1,3,'2022-07-27 13:58:25','2022-07-27 13:58:26'),(58,'Rerum.','Alice indignantly. \'Ah! then yours wasn\'t a really good school,\' said the cook. \'Treacle,\' said the King: \'leave out that one of the trees under which she found herself lying on the ground as she could, for the pool a little door about fifteen inches high: she tried her best to climb up one of the.',7,1,'2022-07-27 13:58:25','2022-07-27 13:58:26'),(59,'Et.','Alice, so please your Majesty,\' the Hatter said, turning to Alice: he had a bone in his turn; and both the hedgehogs were out of the teacups as the door of which was the Duchess\'s voice died away, even in the same thing with you,\' said the Mouse, who seemed to be said. At last the Dodo suddenly.',5,3,'2022-07-27 13:58:25','2022-07-27 13:58:26'),(60,'Iusto.','PLEASE mind what you\'re talking about,\' said Alice. \'Why, you don\'t like it, yer honour, at all, at all!\' \'Do as I get SOMEWHERE,\' Alice added as an explanation. \'Oh, you\'re sure to kill it in large letters. It was high time to go, for the baby, the shriek of the tail, and ending with the end of.',4,3,'2022-07-27 13:58:25','2022-07-27 13:58:26'),(61,'In.','I suppose.\' So she tucked her arm affectionately into Alice\'s, and they lived at the time she heard something like it,\' said Alice indignantly. \'Let me alone!\' \'Serpent, I say again!\' repeated the Pigeon, but in a large arm-chair at one end to the whiting,\' said the King say in a rather offended.',10,6,'2022-07-27 13:58:25','2022-07-27 13:58:26'),(62,'In.','Her first idea was that it was very hot, she kept fanning herself all the players, except the Lizard, who seemed too much of a procession,\' thought she, \'if people had all to lie down on one knee as he spoke, and the Queen put on his flappers, \'--Mystery, ancient and modern, with Seaography: then.',7,3,'2022-07-27 13:58:25','2022-07-27 13:58:26'),(63,'Itaque.','Geography. London is the reason is--\' here the Mock Turtle a little sharp bark just over her head was so ordered about by mice and rabbits. I almost wish I\'d gone to see a little faster?\" said a timid voice at her with large eyes like a star-fish,\' thought Alice. \'I\'ve read that in some alarm.',8,5,'2022-07-27 13:58:25','2022-07-27 13:58:26'),(64,'Et.','March Hare went on. Her listeners were perfectly quiet till she fancied she heard a little before she had accidentally upset the week before. \'Oh, I know!\' exclaimed Alice, who was gently brushing away some dead leaves that had slipped in like herself. \'Would it be murder to leave off being arches.',5,5,'2022-07-27 13:58:25','2022-07-27 13:58:26'),(65,'Dolorem.','Alice could not help thinking there MUST be more to be executed for having missed their turns, and she hurried out of the wood for fear of killing somebody, so managed to swallow a morsel of the right-hand bit to try the effect: the next verse.\' \'But about his toes?\' the Mock Turtle yawned and.',5,4,'2022-07-27 13:58:25','2022-07-27 13:58:26'),(66,'Porro nam.','Pigeon the opportunity of showing off her knowledge, as there was no \'One, two, three, and away,\' but they all stopped and looked at it gloomily: then he dipped it into his cup of tea, and looked at it, busily painting them red. Alice thought to herself, for she had hurt the poor child, \'for I.',2,5,'2022-07-27 13:58:25','2022-07-27 13:58:26'),(67,'Magni.','PLENTY of room!\' said Alice aloud, addressing nobody in particular. \'She\'d soon fetch it back!\' \'And who are THESE?\' said the Dodo had paused as if his heart would break. She pitied him deeply. \'What is his sorrow?\' she asked the Mock Turtle a little scream of laughter. \'Oh, hush!\' the Rabbit.',7,2,'2022-07-27 13:58:25','2022-07-27 13:58:26'),(68,'Libero.','Hatter. \'You MUST remember,\' remarked the King, \'unless it was certainly too much of it had been. But her sister kissed her, and said, very gravely, \'I think, you ought to be seen: she found this a good character, But said I didn\'t!\' interrupted Alice. \'You did,\' said the one who had been to her.',2,2,'2022-07-27 13:58:25','2022-07-27 13:58:26'),(69,'Nobis hic.','Dormouse. \'Write that down,\' the King say in a tone of great dismay, and began smoking again. This time there were three gardeners instantly jumped up, and reduced the answer to shillings and pence. \'Take off your hat,\' the King said to itself \'The Duchess! The Duchess! Oh my fur and whiskers!.',3,6,'2022-07-27 13:58:25','2022-07-27 13:58:26'),(70,'Unde.','Laughing and Grief, they used to say when I find a number of changes she had not as yet had any sense, they\'d take the hint; but the Hatter began, in a great thistle, to keep herself from being broken. She hastily put down yet, before the end of the bread-and-butter. Just at this moment Alice felt.',3,2,'2022-07-27 13:58:25','2022-07-27 13:58:26'),(71,'Eaque et.','And so she helped herself to some tea and bread-and-butter, and went stamping about, and make out exactly what they WILL do next! As for pulling me out of the sense, and the cool fountains. CHAPTER VIII. The Queen\'s Croquet-Ground A large rose-tree stood near the right size, that it might end, you.',4,5,'2022-07-27 13:58:25','2022-07-27 13:58:26'),(72,'Laborum.','VERY wide, but she had not gone much farther before she had hoped) a fan and gloves--that is, if I chose,\' the Duchess said after a minute or two sobs choked his voice. \'Same as if she were looking over his shoulder with some severity; \'it\'s very rude.\' The Hatter was the same height as herself.',7,4,'2022-07-27 13:58:25','2022-07-27 13:58:26'),(73,'Dolor.','Dormouse shall!\' they both sat silent for a baby: altogether Alice did not get dry very soon. \'Ahem!\' said the King, the Queen, stamping on the end of the trees upon her knee, and the moon, and memory, and muchness--you know you say things are \"much of a treacle-well--eh, stupid?\' \'But they were.',8,2,'2022-07-27 13:58:25','2022-07-27 13:58:26'),(74,'Ut.','Mock Turtle. \'And how did you ever saw. How she longed to get rather sleepy, and went on: \'But why did they live at the corners: next the ten courtiers; these were all turning into little cakes as they used to queer things happening. While she was quite pleased to find that the cause of this.',8,4,'2022-07-27 13:58:25','2022-07-27 13:58:26'),(75,'Vitae.','Mock Turtle said with some surprise that the pebbles were all talking at once, and ran till she had asked it aloud; and in another moment, splash! she was now about two feet high: even then she walked on in a tone of great dismay, and began picking them up again as she did it so VERY wide, but she.',4,6,'2022-07-27 13:58:25','2022-07-27 13:58:26'),(76,'Error.','I shan\'t grow any more--As it is, I suppose?\' said Alice. \'Exactly so,\' said the Dormouse followed him: the March Hare had just succeeded in curving it down into a chrysalis--you will some day, you know--and then after that into a tree. By the time it all came different!\' Alice replied.',10,2,'2022-07-27 13:58:25','2022-07-27 13:58:26'),(77,'Quis et.','And yesterday things went on without attending to her, so she set to partners--\' \'--change lobsters, and retire in same order,\' continued the Gryphon. \'How the creatures order one about, and called out, \'Sit down, all of you, and don\'t speak a word till I\'ve finished.\' So they got thrown out to.',8,4,'2022-07-27 13:58:25','2022-07-27 13:58:26'),(78,'Nihil.','I did: there\'s no use in waiting by the officers of the cupboards as she could. \'No,\' said the Mouse was speaking, so that by the hedge!\' then silence, and then treading on her spectacles, and began to feel very sleepy and stupid), whether the blows hurt it or not. So she set off at once set to.',8,5,'2022-07-27 13:58:25','2022-07-27 13:58:26'),(79,'Vitae.','THIS!\' (Sounds of more broken glass.) \'Now tell me, Pat, what\'s that in about half no time! Take your choice!\' The Duchess took her choice, and was looking down at her side. She was a table in the newspapers, at the picture.) \'Up, lazy thing!\' said the Hatter, and, just as I used--and I don\'t.',8,4,'2022-07-27 13:58:25','2022-07-27 13:58:26'),(80,'In atque.','Alice dodged behind a great crowd assembled about them--all sorts of things--I can\'t remember half of fright and half of them--and it belongs to a mouse: she had never left off quarrelling with the Queen,\' and she hurried out of the house before she gave a look askance-- Said he thanked the.',5,6,'2022-07-27 13:58:25','2022-07-27 13:58:26'),(81,'Quam at.','MINE.\' The Queen turned crimson with fury, and, after waiting till she had a little before she found herself lying on their backs was the same as the game was going to dive in among the leaves, which she found her way through the neighbouring pool--she could hear him sighing as if nothing had.',7,1,'2022-07-27 13:58:25','2022-07-27 13:58:26'),(82,'Alias sit.','Caucus-race.\' \'What IS the use of this sort of lullaby to it as a partner!\' cried the Mouse, turning to the Knave \'Turn them over!\' The Knave did so, and were resting in the distance would take the roof of the thing yourself, some winter day, I will prosecute YOU.--Come, I\'ll take no denial; We.',1,5,'2022-07-27 13:58:25','2022-07-27 13:58:26'),(83,'Dolorum.','PLEASE mind what you\'re doing!\' cried Alice, with a little door into that lovely garden. I think that will be much the same thing as \"I sleep when I was sent for.\' \'You ought to have it explained,\' said the Dormouse; \'VERY ill.\' Alice tried to say than his first speech. \'You should learn not to be.',8,4,'2022-07-27 13:58:25','2022-07-27 13:58:26'),(84,'Omnis.','Gryphon. \'I mean, what makes them sour--and camomile that makes them bitter--and--and barley-sugar and such things that make children sweet-tempered. I only wish they COULD! I\'m sure _I_ shan\'t be able! I shall have to turn into a tree. By the time he had never seen such a thing as \"I sleep when I.',7,4,'2022-07-27 13:58:25','2022-07-27 13:58:26'),(85,'Totam.','Caterpillar angrily, rearing itself upright as it can\'t possibly make me smaller, I can listen all day about it!\' Last came a rumbling of little birds and beasts, as well as she could not remember ever having seen in her pocket) till she had forgotten the little glass table. \'Now, I\'ll manage.',6,6,'2022-07-27 13:58:25','2022-07-27 13:58:26'),(86,'Quasi.','So you see, Miss, we\'re doing our best, afore she comes, to--\' At this moment Five, who had been anxiously looking across the garden, where Alice could speak again. The rabbit-hole went straight on like a frog; and both footmen, Alice noticed, had powdered hair that curled all over with diamonds.',6,5,'2022-07-27 13:58:25','2022-07-27 13:58:26'),(87,'At dolor.','So Alice began to cry again, for this curious child was very nearly carried it off. \'If everybody minded their own business,\' the Duchess and the Hatter began, in a confused way, \'Prizes! Prizes!\' Alice had not gone (We know it was all ridges and furrows; the balls were live hedgehogs, the mallets.',4,6,'2022-07-27 13:58:25','2022-07-27 13:58:26'),(88,'Nemo.','Stop this moment, and fetch me a pair of white kid gloves and a sad tale!\' said the Mouse. \'Of course,\' the Gryphon interrupted in a melancholy tone: \'it doesn\'t seem to see it trot away quietly into the Dormouse\'s place, and Alice could not possibly reach it: she could remember about ravens and.',8,1,'2022-07-27 13:58:25','2022-07-27 13:58:26'),(89,'Corporis.','Suddenly she came in sight of the other bit. Her chin was pressed hard against it, that attempt proved a failure. Alice heard the Rabbit noticed Alice, as the March Hare and the Queen\'s shrill cries to the seaside once in the sea, some children digging in the sea, some children digging in the sea.',4,6,'2022-07-27 13:58:25','2022-07-27 13:58:26'),(90,'Voluptas.','Alice, and she went to the other: the only difficulty was, that if you could see her after the birds! Why, she\'ll eat a little while, however, she went back to her: its face in her own child-life, and the fall was over. However, when they had been all the players, except the King, looking round.',1,1,'2022-07-27 13:58:25','2022-07-27 13:58:26'),(91,'Occaecati.','Cat in a deep, hollow tone: \'sit down, both of you, and must know better\'; and this Alice thought decidedly uncivil. \'But perhaps it was getting very sleepy; \'and they drew all manner of things--everything that begins with a yelp of delight, and rushed at the door-- Pray, what is the same thing as.',10,2,'2022-07-27 13:58:25','2022-07-27 13:58:26'),(92,'Laborum.','I meant,\' the King had said that day. \'A likely story indeed!\' said the Gryphon, and all her knowledge of history, Alice had begun to dream that she had to run back into the darkness as hard as it went, as if he wasn\'t going to dive in among the party. Some of the shepherd boy--and the sneeze of.',9,3,'2022-07-27 13:58:25','2022-07-27 13:58:26'),(93,'Quo quos.','Dodo said, \'EVERYBODY has won, and all dripping wet, cross, and uncomfortable. The first thing I\'ve got to the Hatter. \'I deny it!\' said the Mouse, frowning, but very politely: \'Did you say \"What a pity!\"?\' the Rabbit actually TOOK A WATCH OUT OF ITS WAISTCOAT-POCKET, and looked along the passage.',4,1,'2022-07-27 13:58:25','2022-07-27 13:58:26'),(94,'Quam.','And pour the waters of the house, and the bright eager eyes were getting so used to it as she ran. \'How surprised he\'ll be when he finds out who was gently brushing away some dead leaves that lay far below her. \'What CAN all that green stuff be?\' said Alice. \'Then you shouldn\'t talk,\' said the.',7,2,'2022-07-27 13:58:25','2022-07-27 13:58:26'),(95,'Explicabo.','Sir, With no jury or judge, would be very likely true.) Down, down, down. Would the fall NEVER come to an end! \'I wonder how many hours a day is very confusing.\' \'It isn\'t,\' said the Gryphon. \'I\'ve forgotten the Duchess replied, in a great deal of thought, and looked anxiously at the Gryphon said.',10,2,'2022-07-27 13:58:25','2022-07-27 13:58:26'),(96,'Rem quod.','WOULD always get into the teapot. \'At any rate he might answer questions.--How am I then? Tell me that first, and then said \'The fourth.\' \'Two days wrong!\' sighed the Lory, with a teacup in one hand and a sad tale!\' said the Queen, stamping on the top of her going, though she looked back once or.',1,6,'2022-07-27 13:58:25','2022-07-27 13:58:26'),(97,'At qui ut.','The pepper when he sneezes: He only does it to be no use their putting their heads downward! The Antipathies, I think--\' (for, you see, Alice had learnt several things of this sort in her hand, and made a rush at the bottom of a feather flock together.\"\' \'Only mustard isn\'t a letter, written by.',2,3,'2022-07-27 13:58:25','2022-07-27 13:58:26'),(98,'Ipsam.','Nile On every golden scale! \'How cheerfully he seems to suit them!\' \'I haven\'t the slightest idea,\' said the Caterpillar. \'I\'m afraid I am, sir,\' said Alice; not that she wasn\'t a really good school,\' said the Mock Turtle, \'they--you\'ve seen them, of course?\' \'Yes,\' said Alice, whose thoughts were.',3,4,'2022-07-27 13:58:25','2022-07-27 13:58:26'),(99,'Possimus.','All on a bough of a water-well,\' said the King. The next witness would be wasting our breath.\" \"I\'ll be judge, I\'ll be jury,\" Said cunning old Fury: \"I\'ll try the experiment?\' \'HE might bite,\' Alice cautiously replied: \'but I must go and take it away!\' There was a general chorus of voices asked.',8,2,'2022-07-27 13:58:25','2022-07-27 13:58:26'),(100,'Qui et ad.','I to do?\' said Alice. \'Of course not,\' Alice cautiously replied: \'but I know I have to fly; and the poor child, \'for I can\'t see you?\' She was close behind it was too small, but at the March Hare interrupted in a whisper, half afraid that it might injure the brain; But, now that I\'m perfectly sure.',9,4,'2022-07-27 13:58:25','2022-07-27 13:58:26'),(101,'12345','fdfsdfsf',21,5,'2022-07-28 09:08:43','2022-07-28 09:08:43'),(102,'sadsadsadasdad','dsadasdsadad',21,3,'2022-07-28 09:10:11','2022-07-28 09:10:11');
/*!40000 ALTER TABLE `posts` ENABLE KEYS */;

--
-- Table structure for table `users`
--

DROP TABLE IF EXISTS `users`;
/*!40101 SET @saved_cs_client     = @@character_set_client */;
/*!50503 SET character_set_client = utf8mb4 */;
CREATE TABLE `users` (
  `id` bigint unsigned NOT NULL AUTO_INCREMENT,
  `name` varchar(255) COLLATE utf8mb4_unicode_ci NOT NULL,
  `email` varchar(255) COLLATE utf8mb4_unicode_ci NOT NULL,
  `email_verified_at` timestamp NULL DEFAULT NULL,
  `password` varchar(255) COLLATE utf8mb4_unicode_ci NOT NULL,
  `remember_token` varchar(100) COLLATE utf8mb4_unicode_ci DEFAULT NULL,
  `created_at` timestamp NULL DEFAULT NULL,
  `updated_at` timestamp NULL DEFAULT NULL,
  PRIMARY KEY (`id`),
  UNIQUE KEY `users_email_unique` (`email`)
) ENGINE=InnoDB AUTO_INCREMENT=22 DEFAULT CHARSET=utf8mb4 COLLATE=utf8mb4_unicode_ci;
/*!40101 SET character_set_client = @saved_cs_client */;

--
-- Dumping data for table `users`
--

/*!40000 ALTER TABLE `users` DISABLE KEYS */;
INSERT INTO `users` (`id`, `name`, `email`, `email_verified_at`, `password`, `remember_token`, `created_at`, `updated_at`) VALUES (1,'Ms. Claire Zieme II','lelah93@example.com','2022-07-27 13:41:48','$2y$10$92IXUNpkjO0rOQ5byMi.Ye4oKoEa3Ro9llC/.og/at2.uheWG/igi','O8uTA8tNr3','2022-07-27 13:41:48','2022-07-27 13:41:48'),(2,'Athena Wisozk','holden.collier@example.net','2022-07-27 13:41:48','$2y$10$92IXUNpkjO0rOQ5byMi.Ye4oKoEa3Ro9llC/.og/at2.uheWG/igi','TAE11YWDmw','2022-07-27 13:41:48','2022-07-27 13:41:48'),(3,'Ms. Kayla Bergstrom','cruz38@example.com','2022-07-27 13:41:48','$2y$10$92IXUNpkjO0rOQ5byMi.Ye4oKoEa3Ro9llC/.og/at2.uheWG/igi','nLqAfnO7TP','2022-07-27 13:41:48','2022-07-27 13:41:48'),(4,'Lulu Beatty','shana.prosacco@example.net','2022-07-27 13:41:48','$2y$10$92IXUNpkjO0rOQ5byMi.Ye4oKoEa3Ro9llC/.og/at2.uheWG/igi','FE8x9Xy208','2022-07-27 13:41:48','2022-07-27 13:41:48'),(5,'Marjory Harris','marilou.lockman@example.net','2022-07-27 13:41:48','$2y$10$92IXUNpkjO0rOQ5byMi.Ye4oKoEa3Ro9llC/.og/at2.uheWG/igi','hkPMwPLzyv','2022-07-27 13:41:48','2022-07-27 13:41:48'),(6,'Andre Lubowitz','arvilla.legros@example.net','2022-07-27 13:41:48','$2y$10$92IXUNpkjO0rOQ5byMi.Ye4oKoEa3Ro9llC/.og/at2.uheWG/igi','7inCXuHtKe','2022-07-27 13:41:48','2022-07-27 13:41:48'),(7,'Bailee Quigley DDS','lyda.hintz@example.com','2022-07-27 13:41:48','$2y$10$92IXUNpkjO0rOQ5byMi.Ye4oKoEa3Ro9llC/.og/at2.uheWG/igi','Awman7TZp4','2022-07-27 13:41:48','2022-07-27 13:41:48'),(8,'Rafaela Nader','yasmin48@example.org','2022-07-27 13:41:48','$2y$10$92IXUNpkjO0rOQ5byMi.Ye4oKoEa3Ro9llC/.og/at2.uheWG/igi','sTg1UKWHny','2022-07-27 13:41:48','2022-07-27 13:41:48'),(9,'Dr. Shakira Metz','keebler.adelia@example.com','2022-07-27 13:41:48','$2y$10$92IXUNpkjO0rOQ5byMi.Ye4oKoEa3Ro9llC/.og/at2.uheWG/igi','SJlHLv0eJp','2022-07-27 13:41:48','2022-07-27 13:41:48'),(10,'Dr. Bernadette Nikolaus','cortney.lind@example.net','2022-07-27 13:41:48','$2y$10$92IXUNpkjO0rOQ5byMi.Ye4oKoEa3Ro9llC/.og/at2.uheWG/igi','L6Ndq2Od0y','2022-07-27 13:41:48','2022-07-27 13:41:48'),(11,'Wade Ferry','audreanne91@example.net','2022-07-27 13:55:34','$2y$10$92IXUNpkjO0rOQ5byMi.Ye4oKoEa3Ro9llC/.og/at2.uheWG/igi','Vn3sI86w3E','2022-07-27 13:55:34','2022-07-27 13:55:34'),(12,'Cleve Aufderhar','qbradtke@example.com','2022-07-27 13:55:34','$2y$10$92IXUNpkjO0rOQ5byMi.Ye4oKoEa3Ro9llC/.og/at2.uheWG/igi','hUAPDOEXRg','2022-07-27 13:55:34','2022-07-27 13:55:34'),(13,'Mrs. Kenyatta Auer','trinity18@example.org','2022-07-27 13:55:34','$2y$10$92IXUNpkjO0rOQ5byMi.Ye4oKoEa3Ro9llC/.og/at2.uheWG/igi','GPe2aMdzEB','2022-07-27 13:55:34','2022-07-27 13:55:34'),(14,'Kennedi D\'Amore','ecronin@example.org','2022-07-27 13:55:34','$2y$10$92IXUNpkjO0rOQ5byMi.Ye4oKoEa3Ro9llC/.og/at2.uheWG/igi','pFFnuS07r2','2022-07-27 13:55:34','2022-07-27 13:55:34'),(15,'Damion Cole','cyrus.mraz@example.com','2022-07-27 13:55:34','$2y$10$92IXUNpkjO0rOQ5byMi.Ye4oKoEa3Ro9llC/.og/at2.uheWG/igi','HeTtk4OOMN','2022-07-27 13:55:34','2022-07-27 13:55:34'),(16,'Tyson Sawayn','klittle@example.net','2022-07-27 13:55:34','$2y$10$92IXUNpkjO0rOQ5byMi.Ye4oKoEa3Ro9llC/.og/at2.uheWG/igi','hO6nZoquCp','2022-07-27 13:55:34','2022-07-27 13:55:34'),(17,'Dr. Kennedi Schroeder','demario.jacobs@example.net','2022-07-27 13:55:34','$2y$10$92IXUNpkjO0rOQ5byMi.Ye4oKoEa3Ro9llC/.og/at2.uheWG/igi','3gBBxEA6Zp','2022-07-27 13:55:34','2022-07-27 13:55:34'),(18,'Davion Zulauf','conor.hickle@example.org','2022-07-27 13:55:34','$2y$10$92IXUNpkjO0rOQ5byMi.Ye4oKoEa3Ro9llC/.og/at2.uheWG/igi','pfxXw5ZHVn','2022-07-27 13:55:34','2022-07-27 13:55:34'),(19,'Margarett Cormier','green.jayce@example.net','2022-07-27 13:55:34','$2y$10$92IXUNpkjO0rOQ5byMi.Ye4oKoEa3Ro9llC/.og/at2.uheWG/igi','vAGddUHegL','2022-07-27 13:55:34','2022-07-27 13:55:34'),(20,'Asia Bechtelar','rdickens@example.com','2022-07-27 13:55:34','$2y$10$92IXUNpkjO0rOQ5byMi.Ye4oKoEa3Ro9llC/.og/at2.uheWG/igi','0IEO3dD7ST','2022-07-27 13:55:34','2022-07-27 13:55:34'),(21,' ','diakudza@gmail.com',NULL,'$2y$10$/AgX5Gn7umHWA1vMPimBKO0xwr53cRObiiDAOWgr8JqTgsg5XiO7u',NULL,'2022-07-28 07:28:04','2022-07-28 07:28:04');
/*!40000 ALTER TABLE `users` ENABLE KEYS */;
/*!40103 SET TIME_ZONE=@OLD_TIME_ZONE */;

/*!40101 SET SQL_MODE=@OLD_SQL_MODE */;
/*!40014 SET FOREIGN_KEY_CHECKS=@OLD_FOREIGN_KEY_CHECKS */;
/*!40014 SET UNIQUE_CHECKS=@OLD_UNIQUE_CHECKS */;
/*!40101 SET CHARACTER_SET_CLIENT=@OLD_CHARACTER_SET_CLIENT */;
/*!40101 SET CHARACTER_SET_RESULTS=@OLD_CHARACTER_SET_RESULTS */;
/*!40101 SET COLLATION_CONNECTION=@OLD_COLLATION_CONNECTION */;
/*!40111 SET SQL_NOTES=@OLD_SQL_NOTES */;

-- Dump completed on 2022-07-28 12:44:38
